{"2016 Infection Rates":{"Alabama":0.23739983,"Alaska":0.14336656,"Arizona":0.32222688,"Arkansas":0.09642405,"California":0.112745084,"Colorado":0.030780535,"Connecticut":0.094155036,"Delaware":0.043839265,"Georgia":0.4246017,"Hawaii":0.1377176,"Idaho":0.056110986,"Illinois":0.3467642,"Indiana":0.050676003,"Iowa":0.013987483,"Kansas":0.12848507,"Kentucky":0.20395738,"Louisiana":1.0291067,"Maine":0.16547523,"Maryland":0.1011773,"Massachusetts":0.1714782,"Michigan":0.1281233,"Minnesota":0.050047584,"Mississippi":0.8389732,"Missouri":0.07929839,"Montana":0.031032061,"Nebraska":0.041666318,"Nevada":0.23108327,"New Hampshire":0.07375362,"New Jersey":0.102076165,"New Mexico":0.50314826,"New York":0.03274517,"North Carolina":0.10258215,"North Dakota":0.03592097,"Ohio":0.062238008,"Oklahoma":0.13590296,"Oregon":0.062225305,"Pennsylvania":0.08640872,"Rhode Island":0.1430775,"South Carolina":0.05270304,"South Dakota":0.59108037,"Tennessee":0.13269615,"Texas":0.12949942,"Utah":0.5662639,"Vermont":0.2278496,"Virginia":1.0835773,"Washington":0.02307132,"West Virginia":0.60245013,"Wisconsin":0.05917582,"Wyoming":0.28927708},"2016_population_density":{"Alabama":96.03,"Alaska":1.3,"Arizona":61.1,"Arkansas":57.46,"California":251.43,"Colorado":53.45,"Connecticut":738.91,"Delaware":486.96,"Georgia":179.12,"Hawaii":222.26,"Idaho":20.36,"Illinois":230.92,"Indiana":185.18,"Iowa":56.06,"Kansas":35.6,"Kentucky":112.4,"Louisiana":108.28,"Maine":43.16,"Maryland":618.43,"Massachusetts":874.82,"Michigan":176.0,"Minnesota":69.36,"Mississippi":63.68,"Missouri":88.55,"Montana":7.15,"Nebraska":24.8,"Nevada":26.58,"New Hampshire":149.94,"New Jersey":1206.25,"New Mexico":17.24,"New York":416.61,"North Carolina":208.87,"North Dakota":10.93,"Ohio":284.73,"Oklahoma":57.24,"Oregon":42.61,"Pennsylvania":285.68,"Rhode Island":1022.04,"South Carolina":164.93,"South Dakota":11.38,"Tennessee":161.17,"Texas":106.86,"Utah":37.02,"Vermont":67.67,"Virginia":212.97,"Washington":109.77,"West Virginia":76.17,"Wisconsin":106.59,"Wyoming":6.02},"Uninsured Rate 2016":{"Alabama":9.1,"Alaska":14.0,"Arizona":10.0,"Arkansas":7.9,"California":7.3,"Colorado":7.5,"Connecticut":4.9,"Delaware":5.7,"Georgia":12.9,"Hawaii":3.5,"Idaho":10.1,"Illinois":6.5,"Indiana":8.1,"Iowa":4.3,"Kansas":8.7,"Kentucky":5.1,"Louisiana":10.3,"Maine":8.0,"Maryland":6.1,"Massachusetts":2.5,"Michigan":5.4,"Minnesota":4.1,"Mississippi":11.8,"Missouri":8.9,"Montana":8.1,"Nebraska":8.6,"Nevada":11.4,"New Hampshire":5.9,"New Jersey":8.0,"New Mexico":9.2,"New York":6.1,"North Carolina":10.4,"North Dakota":7.0,"Ohio":5.6,"Oklahoma":13.8,"Oregon":6.2,"Pennsylvania":5.6,"Rhode Island":4.3,"South Carolina":10.0,"South Dakota":8.7,"Tennessee":9.0,"Texas":16.6,"Utah":8.8,"Vermont":3.7,"Virginia":8.7,"Washington":6.0,"West Virginia":5.3,"Wisconsin":5.3,"Wyoming":11.5},"GDP 2016":{"Alabama":191523,"Alaska":53289,"Arizona":291259,"Arkansas":113490,"California":2519133,"Colorado":315793,"Connecticut":245966,"Delaware":62889,"Georgia":500909,"Hawaii":79093,"Idaho":65643,"Illinois":746370,"Indiana":316545,"Iowa":169488,"Kansas":152511,"Kentucky":183454,"Louisiana":225361,"Maine":55088,"Maryland":359987,"Massachusetts":479184,"Michigan":451025,"Minnesota":321980,"Mississippi":100412,"Missouri":276210,"Montana":44580,"Nebraska":111611,"Nevada":138638,"New Hampshire":73022,"New Jersey":540380,"New Mexico":91713,"New York":1397723,"North Carolina":477523,"North Dakota":51137,"Ohio":585044,"Oklahoma":188063,"Oregon":201059,"Pennsylvania":691316,"Rhode Island":53030,"South Carolina":196477,"South Dakota":45733,"Tennessee":308157,"Texas":1606579,"Utah":147555,"Vermont":29206,"Virginia":460185,"Washington":463974,"West Virginia":69276,"Wisconsin":291320,"Wyoming":38079},"2016 PCI":{"Alabama":39536.0,"Alaska":56302.0,"Arizona":40801.0,"Arkansas":40385.0,"California":58048.0,"Colorado":52475.0,"Connecticut":69919.0,"Delaware":48836.0,"Georgia":42896.0,"Hawaii":51170.0,"Idaho":40567.0,"Illinois":52417.0,"Indiana":43672.0,"Iowa":46547.0,"Kansas":47390.0,"Kentucky":39754.0,"Louisiana":42528.0,"Maine":44832.0,"Maryland":59011.0,"Massachusetts":65725.0,"Michigan":44637.0,"Minnesota":53083.0,"Mississippi":35672.0,"Missouri":44318.0,"Montana":44024.0,"Nebraska":49615.0,"Nevada":45351.0,"New Hampshire":56513.0,"New Jersey":62842.0,"New Mexico":39025.0,"New York":61401.0,"North Carolina":42816.0,"North Dakota":51832.0,"Ohio":45226.0,"Oklahoma":41887.0,"Oregon":46586.0,"Pennsylvania":51818.0,"Rhode Island":50655.0,"South Carolina":40569.0,"South Dakota":48724.0,"Tennessee":43626.0,"Texas":45803.0,"Utah":42375.0,"Vermont":50420.0,"Virginia":53792.0,"Washington":55802.0,"West Virginia":37099.0,"Wisconsin":47598.0,"Wyoming":54168.0}}